hash,timestamp,date,datetime,block_number,type,user_address,market_unique_key,assets,assets_usd,shares,seized_assets,seized_assets_usd,bad_debt_assets,bad_debt_assets_usd,liquidator
0x3c5825c7c30ab896c8b5e93f74689fa280a36869bc76489da09d2176862489cc,1759216216,2025-09-30,2025-09-30 07:10,31067235,MarketSupplyCollateral,0xcb4a7b790eDB7Fa3e2731Efd7ED85275f92Fc74A,0x82e7ab8ccabaac59b5f397507ed031ebf19a9a5b2657c00c93bc2423cd0a890d,1000000,,,,,,,
0x97a3fab586ccaf5c54504075f6809d546b9b1f1e55992fa0f71baf64c356348a,1759217504,2025-09-30,2025-09-30 07:31,31069666,MarketSupply,0xBA465FCb8D32B875Aed5ae9e2FB53ea303c2D312,0x82e7ab8ccabaac59b5f397507ed031ebf19a9a5b2657c00c93bc2423cd0a890d,1000000,,1000000000000,,,,,
0xe33dfa74165b5ec963831d4a67da718e1ed2d524174f777bb5ca01cb396f356d,1759220981,2025-09-30,2025-09-30 08:29,31077149,MarketSupplyCollateral,0xcb4a7b790eDB7Fa3e2731Efd7ED85275f92Fc74A,0x82e7ab8ccabaac59b5f397507ed031ebf19a9a5b2657c00c93bc2423cd0a890d,9000000,,,,,,,
0x267f90b9fea5fae161fc5511cf7f49bb3720dc03a8e7d21e5b9d67c21adc836c,1759221014,2025-09-30,2025-09-30 08:30,31077217,MarketBorrow,0xcb4a7b790eDB7Fa3e2731Efd7ED85275f92Fc74A,0x82e7ab8ccabaac59b5f397507ed031ebf19a9a5b2657c00c93bc2423cd0a890d,1000000,,1000000000000,,,,,
0x9ab72524be01039eefb4c4ebf43dd94e047025afc89fb530ab1be26b05861276,1760146338,2025-10-11,2025-10-11 01:32,32778831,MarketSupply,0xaF8d3FC487261b04256a1CC433856cc808EEb070,0x82e7ab8ccabaac59b5f397507ed031ebf19a9a5b2657c00c93bc2423cd0a890d,1000000,,994018005624,,,,,
0x4101840763a74352ddf39100519ef4a1b805b9903dd1a0805f9d0067ff14b44a,1760147465,2025-10-11,2025-10-11 01:51,32782416,MarketSupplyCollateral,0x1597E4B7cF6D2877A1d690b6088668afDb045763,0x82e7ab8ccabaac59b5f397507ed031ebf19a9a5b2657c00c93bc2423cd0a890d,1000000,,,,,,,
0x93855333429b4fdb061733e58f70dec7b38984728a2ca38176897803a688568a,1760147705,2025-10-11,2025-10-11 01:55,32783126,MarketBorrow,0x1597E4B7cF6D2877A1d690b6088668afDb045763,0x82e7ab8ccabaac59b5f397507ed031ebf19a9a5b2657c00c93bc2423cd0a890d,1000000,,994016029487,,,,,
0xd14c41ac6459119407c233dbb1f6ac757297fe7ab506e7e933f6a1d5f54a7830,1760153494,2025-10-11,2025-10-11 03:31,32796004,MarketSupply,0xaF8d3FC487261b04256a1CC433856cc808EEb070,0x82e7ab8ccabaac59b5f397507ed031ebf19a9a5b2657c00c93bc2423cd0a890d,19998898000000,,19877887336658330177,,,,,
0x428f7a7d7e0485128ed236ef7b183b22c11b616142e6c870450cf3ca6acf5b88,1760153806,2025-10-11,2025-10-11 03:36,32796737,MarketSupplyCollateral,0x1597E4B7cF6D2877A1d690b6088668afDb045763,0x82e7ab8ccabaac59b5f397507ed031ebf19a9a5b2657c00c93bc2423cd0a890d,12000000000000,,,,,,,
0xd6fc5062dfaf4f00fb38ccf5475a58f03e203ceaacdaa8cee2f7c606f92b131e,1760153851,2025-10-11,2025-10-11 03:37,32796855,MarketBorrow,0x1597E4B7cF6D2877A1d690b6088668afDb045763,0x82e7ab8ccabaac59b5f397507ed031ebf19a9a5b2657c00c93bc2423cd0a890d,10000000000000,,9939481483945930481,,,,,
0xfed04a8c760934bab5f4a64e2aa1f32d7d3c3eb21ffd79e2bd09ea8f60d9bf81,1760156308,2025-10-11,2025-10-11 04:18,32802342,MarketSupplyCollateral,0x1597E4B7cF6D2877A1d690b6088668afDb045763,0x82e7ab8ccabaac59b5f397507ed031ebf19a9a5b2657c00c93bc2423cd0a890d,10000000000000,,,,,,,
0x7e96edfa3633d0daeacd22682d9e1f3406dad79ffec417058f0c3e08883c3e7a,1760156406,2025-10-11,2025-10-11 04:20,32802509,MarketBorrow,0x1597E4B7cF6D2877A1d690b6088668afDb045763,0x82e7ab8ccabaac59b5f397507ed031ebf19a9a5b2657c00c93bc2423cd0a890d,8000000000000,,7951544827515916535,,,,,
0xd7d18f68784bd59e3d1e39813cfdae59d9d652ccf07f99d292aac1dcef4bb786,1760418175,2025-10-14,2025-10-14 05:02,33298948,MarketSupply,0xaF8d3FC487261b04256a1CC433856cc808EEb070,0x82e7ab8ccabaac59b5f397507ed031ebf19a9a5b2657c00c93bc2423cd0a890d,16998898000000,,16884130734668655212,,,,,
0x6e5942cf74829936bfac372daac04a62e71efc4890ad6dcca6406beccb4f487d,1760433207,2025-10-14,2025-10-14 09:13,33329237,MarketSupplyCollateral,0x1597E4B7cF6D2877A1d690b6088668afDb045763,0x82e7ab8ccabaac59b5f397507ed031ebf19a9a5b2657c00c93bc2423cd0a890d,1000000,,,,,,,
0xb7c69d338c1f80fc99e80502f2461599727b091274b76ebd0d4b613e2bf8633a,1760433251,2025-10-14,2025-10-14 09:14,33329318,MarketSupplyCollateral,0x1597E4B7cF6D2877A1d690b6088668afDb045763,0x82e7ab8ccabaac59b5f397507ed031ebf19a9a5b2657c00c93bc2423cd0a890d,100000000,,,,,,,
0x09b2398f6ae7f286901b6037978e185a9c49f27c8b74b3635a3a052300da1bef,1760433670,2025-10-14,2025-10-14 09:21,33330130,MarketSupplyCollateral,0x1597E4B7cF6D2877A1d690b6088668afDb045763,0x82e7ab8ccabaac59b5f397507ed031ebf19a9a5b2657c00c93bc2423cd0a890d,5933000000000,,,,,,,
0x48f17aca541e051decf010e0db9a2fe71d8a3fa7a3356a2c6a97207892cc4f24,1760433690,2025-10-14,2025-10-14 09:21,33330175,MarketBorrow,0x1597E4B7cF6D2877A1d690b6088668afDb045763,0x82e7ab8ccabaac59b5f397507ed031ebf19a9a5b2657c00c93bc2423cd0a890d,10000000000,,9931376718566163,,,,,
0x95249c1f3122c3184800f9514a8711b2129a79c4783b0b827e7837b957654c65,1760433794,2025-10-14,2025-10-14 09:23,33330393,MarketBorrow,0x1597E4B7cF6D2877A1d690b6088668afDb045763,0x82e7ab8ccabaac59b5f397507ed031ebf19a9a5b2657c00c93bc2423cd0a890d,10000000000000,,9931374724283233460,,,,,
0x4c15f5d0e8649e57e74f07097f6c5f386fd3e244116ee7aca1a40be2400113ca,1760501907,2025-10-15,2025-10-15 04:18,33460864,MarketSupplyCollateral,0x1597E4B7cF6D2877A1d690b6088668afDb045763,0x82e7ab8ccabaac59b5f397507ed031ebf19a9a5b2657c00c93bc2423cd0a890d,8000000000000,,,,,,,
0xb1a326d8e154f7ff2edb8b4d60055b4ae2aa02b6054dcef7dc36b007ca5268ba,1760502068,2025-10-15,2025-10-15 04:21,33461173,MarketBorrow,0x1597E4B7cF6D2877A1d690b6088668afDb045763,0x82e7ab8ccabaac59b5f397507ed031ebf19a9a5b2657c00c93bc2423cd0a890d,7000000000000,,6950741897478322511,,,,,
0x9751ef987e4b231ce043f086485f818a58534fcb9333bbe71de0c3ab8ef10fba,1761092090,2025-10-22,2025-10-22 00:14,34531623,MarketSupply,0xaF8d3FC487261b04256a1CC433856cc808EEb070,0x82e7ab8ccabaac59b5f397507ed031ebf19a9a5b2657c00c93bc2423cd0a890d,750110000000,,741329177154946174,,,,,
0x9966c1d2f5da3650d5b0fc2039fc5cc733fcaa692f2fd20b45172c1746875305,1761092624,2025-10-22,2025-10-22 00:23,34532739,MarketSupply,0xaF8d3FC487261b04256a1CC433856cc808EEb070,0x82e7ab8ccabaac59b5f397507ed031ebf19a9a5b2657c00c93bc2423cd0a890d,6750142000000,,6671097327490069656,,,,,
0x9b1be5a9b0d6f29c55d12d02ea4a8ddcc7a92d8345e24a615147542a31bbbd72,1761147465,2025-10-22,2025-10-22 15:37,34654872,MarketWithdraw,0xaF8d3FC487261b04256a1CC433856cc808EEb070,0x82e7ab8ccabaac59b5f397507ed031ebf19a9a5b2657c00c93bc2423cd0a890d,250819290000,,247838902676229237,,,,,
0xc1ccd607b4cd72ce3974b360dc0b323eec9aa58b447303855f09c21fa0508bcf,1761185256,2025-10-23,2025-10-23 02:07,34711062,MarketSupplyCollateral,0x1597E4B7cF6D2877A1d690b6088668afDb045763,0x82e7ab8ccabaac59b5f397507ed031ebf19a9a5b2657c00c93bc2423cd0a890d,7196000000000,,,,,,,
0x8dd1610b1c848cc5340001aab55313272b0c7b0fe49306fa3d530a548a366627,1761185667,2025-10-23,2025-10-23 02:14,34711986,MarketBorrow,0x1597E4B7cF6D2877A1d690b6088668afDb045763,0x82e7ab8ccabaac59b5f397507ed031ebf19a9a5b2657c00c93bc2423cd0a890d,5000000000000,,4937547531646630242,,,,,
0xd9b544cf1ccbea4156fac2a274f1e215a92ada9904821413c72802271c1295ee,1761250463,2025-10-23,2025-10-23 20:14,34860994,MarketBorrow,0x1597E4B7cF6D2877A1d690b6088668afDb045763,0x82e7ab8ccabaac59b5f397507ed031ebf19a9a5b2657c00c93bc2423cd0a890d,2000000000000,,1974374808350448028,,,,,
0x906dd8e7cbaac086a5e0060f99f564f88ded0460d480736ff480b64a4370f2d1,1761265206,2025-10-24,2025-10-24 00:20,34881917,MarketBorrow,0x1597E4B7cF6D2877A1d690b6088668afDb045763,0x82e7ab8ccabaac59b5f397507ed031ebf19a9a5b2657c00c93bc2423cd0a890d,2000000000000,,1974052231501949137,,,,,
0xe8e27e1062c8f175989fe93eb01c31c60dc4e19cbf5f0cff6e95732dfc024928,1761268999,2025-10-24,2025-10-24 01:23,34889711,MarketSupply,0xaF8d3FC487261b04256a1CC433856cc808EEb070,0x82e7ab8ccabaac59b5f397507ed031ebf19a9a5b2657c00c93bc2423cd0a890d,16000000005000,,15799809827052503139,,,,,
0xf0133f8bcef73e7244df8d676f9ce812a15f15eec369e1ed54755ccaf837b3b6,1761271101,2025-10-24,2025-10-24 01:58,34896041,MarketSupplyCollateral,0x1597E4B7cF6D2877A1d690b6088668afDb045763,0x82e7ab8ccabaac59b5f397507ed031ebf19a9a5b2657c00c93bc2423cd0a890d,10374000000000,,,,,,,
0x5852cbf4d2e9d9a98b36cf54a4b4990ea73da3591cb649a2f4685d03cb66b87e,1761271344,2025-10-24,2025-10-24 02:02,34896513,MarketBorrow,0x1597E4B7cF6D2877A1d690b6088668afDb045763,0x82e7ab8ccabaac59b5f397507ed031ebf19a9a5b2657c00c93bc2423cd0a890d,10000000000000,,9869526450846884818,,,,,
0x1d901d63b35cb7936689fed1ccdf39511b049118a25b781e217afbdc52b84c87,1761271915,2025-10-24,2025-10-24 02:11,34897675,MarketBorrow,0x1597E4B7cF6D2877A1d690b6088668afDb045763,0x82e7ab8ccabaac59b5f397507ed031ebf19a9a5b2657c00c93bc2423cd0a890d,2000000000000,,1973900233977757845,,,,,
0xe419b1dafeb6e4022d10978cf89eacb1e74b45e922540d4e4e8ea9927d3075c5,1761275826,2025-10-24,2025-10-24 03:17,34906301,MarketSupplyCollateral,0x1597E4B7cF6D2877A1d690b6088668afDb045763,0x82e7ab8ccabaac59b5f397507ed031ebf19a9a5b2657c00c93bc2423cd0a890d,800000000000,,,,,,,
0xcfbd232c430e19c1fbb092b8d693a7a1e355e43e5fc5d306401628cd509ae7ab,1761613402,2025-10-28,2025-10-28 01:03,35638813,MarketSupply,0xaF8d3FC487261b04256a1CC433856cc808EEb070,0x82e7ab8ccabaac59b5f397507ed031ebf19a9a5b2657c00c93bc2423cd0a890d,10000000000000,,9845755492731470660,,,,,
0xbb13be2f8797619636ffdc639b7b5fcfd539305b25b2d142ac1a14454689be45,1761642268,2025-10-28,2025-10-28 09:04,35704736,MarketSupplyCollateral,0x1597E4B7cF6D2877A1d690b6088668afDb045763,0x82e7ab8ccabaac59b5f397507ed031ebf19a9a5b2657c00c93bc2423cd0a890d,11537000000000,,,,,,,
0xed6df95aaca96539484c36bd2ef21b0ac7942df41ee96640218d1345e50d39c8,1761642291,2025-10-28,2025-10-28 09:04,35704785,MarketBorrow,0x1597E4B7cF6D2877A1d690b6088668afDb045763,0x82e7ab8ccabaac59b5f397507ed031ebf19a9a5b2657c00c93bc2423cd0a890d,9000000000000,,8853235377886954699,,,,,
0xd9b2bc8a2568c75a17764c1be4e15107492394b6e2623ce7cc37d5a8ba3e5fef,1761754797,2025-10-29,2025-10-29 16:19,35929109,MarketWithdraw,0xaF8d3FC487261b04256a1CC433856cc808EEb070,0x82e7ab8ccabaac59b5f397507ed031ebf19a9a5b2657c00c93bc2423cd0a890d,231620720000,,227795662307919852,,,,,
0x55f1def8076402f60197cd595d42991f046e5c4b869680b8e25435d4354eab4f,1761893480,2025-10-31,2025-10-31 06:51,36230122,MarketBorrow,0x1597E4B7cF6D2877A1d690b6088668afDb045763,0x82e7ab8ccabaac59b5f397507ed031ebf19a9a5b2657c00c93bc2423cd0a890d,2000000000000,,1962373317080460417,,,,,
0x838e25cc8bc9d1065bf71c7e001be10164555b1de39664b7054fcda45ee605c1,1761901510,2025-10-31,2025-10-31 09:05,36254645,MarketWithdraw,0xBA465FCb8D32B875Aed5ae9e2FB53ea303c2D312,0x82e7ab8ccabaac59b5f397507ed031ebf19a9a5b2657c00c93bc2423cd0a890d,1018311,,999999437731,,,,,
0x2c67fccb3d33d0128e041a27f7220525e2d1c2598ad6ba4b1017bf1624bea843,1762088830,2025-11-02,2025-11-02 13:07,36635498,MarketSupply,0xc0036651D4715319a46B2c3168e1cCB25F9566Bf,0x82e7ab8ccabaac59b5f397507ed031ebf19a9a5b2657c00c93bc2423cd0a890d,1000000,,978928788256,,,,,
0x8f0222f6bc8816daa903f3e45d193c8162f3c3a70ee5006b84f58cbb204fe2a7,1762089170,2025-11-02,2025-11-02 13:12,36636104,MarketSupply,0xc0036651D4715319a46B2c3168e1cCB25F9566Bf,0x82e7ab8ccabaac59b5f397507ed031ebf19a9a5b2657c00c93bc2423cd0a890d,10014353068,,9803277468267918,,,,,
0x450085011f8e5886870c5d5ae3b42d9ec2c7b26def933d3023ecf4b812b11067,1762090687,2025-11-02,2025-11-02 13:38,36639361,MarketSupply,0xc0036651D4715319a46B2c3168e1cCB25F9566Bf,0x82e7ab8ccabaac59b5f397507ed031ebf19a9a5b2657c00c93bc2423cd0a890d,10000000000,,9788955159994038,,,,,
0xf65c7d684e1fa640a1ee9c4a614a1ed708b10422cf962460ae91746c033845ca,1762099771,2025-11-02,2025-11-02 16:09,36656428,MarketWithdraw,0xc0036651D4715319a46B2c3168e1cCB25F9566Bf,0x82e7ab8ccabaac59b5f397507ed031ebf19a9a5b2657c00c93bc2423cd0a890d,20018969537,,19593211557050212,,,,,
0x21000754c3fa8728cc11858490c81838a6c070c401fa017832f97498d682d705,1762189544,2025-11-03,2025-11-03 17:05,36824981,MarketWithdraw,0xaF8d3FC487261b04256a1CC433856cc808EEb070,0x82e7ab8ccabaac59b5f397507ed031ebf19a9a5b2657c00c93bc2423cd0a890d,3000000000000,,2931119454954829370,,,,,
0xe132b52d8c1ebd5f7be8dd43413da3cc959d2b40f457f616b59c5d80d81c41a4,1762199973,2025-11-03,2025-11-03 19:59,36843184,MarketSupplyCollateral,0x811e8f6d80F38A2f0f8b606cB743A950638f0aD4,0x82e7ab8ccabaac59b5f397507ed031ebf19a9a5b2657c00c93bc2423cd0a890d,10000,,,,,,,
0x79fe4607b0c3e0401c156bc8f3c146dda7614419eee79253ea30d7a9157344a9,1762200189,2025-11-03,2025-11-03 20:03,36843549,MarketSupplyCollateral,0x811e8f6d80F38A2f0f8b606cB743A950638f0aD4,0x82e7ab8ccabaac59b5f397507ed031ebf19a9a5b2657c00c93bc2423cd0a890d,990000,,,,,,,
0xec8568c681561f02ef93d9cef0246828216dd0ddf60e1751358113905df80cac,1762200285,2025-11-03,2025-11-03 20:04,36843727,MarketBorrow,0x811e8f6d80F38A2f0f8b606cB743A950638f0aD4,0x82e7ab8ccabaac59b5f397507ed031ebf19a9a5b2657c00c93bc2423cd0a890d,1088000,,1061390228395,,,,,
0xc811a97844ada0e67634b3ac9b2103cb8e9dcd8ecf6cc5a4fc429719aa028e18,1762201449,2025-11-03,2025-11-03 20:24,36845812,MarketSupplyCollateral,0x811e8f6d80F38A2f0f8b606cB743A950638f0aD4,0x82e7ab8ccabaac59b5f397507ed031ebf19a9a5b2657c00c93bc2423cd0a890d,459680000,,,,,,,
0xf4c285756fba5509201d4815432efb4f53b0144fa317824b0c688ff7996e44af,1762201526,2025-11-03,2025-11-03 20:25,36845941,MarketBorrow,0x811e8f6d80F38A2f0f8b606cB743A950638f0aD4,0x82e7ab8ccabaac59b5f397507ed031ebf19a9a5b2657c00c93bc2423cd0a890d,500508000,,488247863378901,,,,,
0x80263ae16f9adb42b689e1b6e862ee1108caa0aeed7d992dd7a8f7512cbc0464,1762203333,2025-11-03,2025-11-03 20:55,36848803,MarketSupplyCollateral,0x811e8f6d80F38A2f0f8b606cB743A950638f0aD4,0x82e7ab8ccabaac59b5f397507ed031ebf19a9a5b2657c00c93bc2423cd0a890d,2191100000,,,,,,,
0x3584cb0e89c57a5f734c875d664a7d7963a298780dbc78e60dc2c7fbe10bb3c8,1762203586,2025-11-03,2025-11-03 20:59,36849149,MarketBorrow,0x811e8f6d80F38A2f0f8b606cB743A950638f0aD4,0x82e7ab8ccabaac59b5f397507ed031ebf19a9a5b2657c00c93bc2423cd0a890d,2385728000,,2327138285243384,,,,,
0xb155b90027a61fc3b9bf393d3d1676dab63601403f5b3a73522974f1f8bab07c,1762205076,2025-11-03,2025-11-03 21:24,36851351,MarketSupplyCollateral,0x811e8f6d80F38A2f0f8b606cB743A950638f0aD4,0x82e7ab8ccabaac59b5f397507ed031ebf19a9a5b2657c00c93bc2423cd0a890d,2284400000,,,,,,,
0x6cad09f474f16a791d0052d2bca8f30756e344369ecf929a3971062297e45c40,1762205133,2025-11-03,2025-11-03 21:25,36851404,MarketBorrow,0x811e8f6d80F38A2f0f8b606cB743A950638f0aD4,0x82e7ab8ccabaac59b5f397507ed031ebf19a9a5b2657c00c93bc2423cd0a890d,2487128000,,2425929963860111,,,,,
0xc18cfd3634d85098ec336092514f92d68db509213280d88e7e5e4dc7be93e655,1762207032,2025-11-03,2025-11-03 21:57,36853438,MarketSupplyCollateral,0x811e8f6d80F38A2f0f8b606cB743A950638f0aD4,0x82e7ab8ccabaac59b5f397507ed031ebf19a9a5b2657c00c93bc2423cd0a890d,200000000,,,,,,,
0xdbd791a669842af44f808562afe63f22df7005c98b2d01ec71873ae3226c6b7a,1762207097,2025-11-03,2025-11-03 21:58,36853498,MarketBorrow,0x811e8f6d80F38A2f0f8b606cB743A950638f0aD4,0x82e7ab8ccabaac59b5f397507ed031ebf19a9a5b2657c00c93bc2423cd0a890d,217500000,,212135064660155,,,,,
0x83f3b6d5f2d4a3071b7115a9355f21983d367df9a0711bf8050f3eb5eb492ee2,1762208065,2025-11-03,2025-11-03 22:14,36854263,MarketSupplyCollateral,0x530a445CE59467732e5Da4DF9c0a31F1D80Ef16e,0x82e7ab8ccabaac59b5f397507ed031ebf19a9a5b2657c00c93bc2423cd0a890d,700000000,,,,,,,
0xc4233f2e76aa01d1a6b6ff50606b443facbcb8f6a2124d2b0e3fa3d570aba3c2,1762208970,2025-11-03,2025-11-03 22:29,36855131,MarketWithdrawCollateral,0x530a445CE59467732e5Da4DF9c0a31F1D80Ef16e,0x82e7ab8ccabaac59b5f397507ed031ebf19a9a5b2657c00c93bc2423cd0a890d,700000000,,,,,,,
0x707e913e95af4f2d543d1112126bc1033ec25e7c18f319aa143817e6e07c18f3,1762209645,2025-11-03,2025-11-03 22:40,36855743,MarketSupplyCollateral,0x530a445CE59467732e5Da4DF9c0a31F1D80Ef16e,0x82e7ab8ccabaac59b5f397507ed031ebf19a9a5b2657c00c93bc2423cd0a890d,70000000,,,,,,,
0x22946db4fe726d0c57ac888d2b8fc519c5443d0485dd942379d7b531dd62cd11,1762209657,2025-11-03,2025-11-03 22:40,36855753,MarketBorrow,0x530a445CE59467732e5Da4DF9c0a31F1D80Ef16e,0x82e7ab8ccabaac59b5f397507ed031ebf19a9a5b2657c00c93bc2423cd0a890d,11408220,,11125918332538,,,,,
0x3ab9e5046e4ee6d9252edc1a18ffda36b427617bbc27fffa92253dc086103489,1762209716,2025-11-03,2025-11-03 22:41,36855793,MarketWithdrawCollateral,0x530a445CE59467732e5Da4DF9c0a31F1D80Ef16e,0x82e7ab8ccabaac59b5f397507ed031ebf19a9a5b2657c00c93bc2423cd0a890d,55000000,,,,,,,
