market_unique_key,chain_id,collateral_symbol,loan_symbol,collateral_price_ratio,collateral_assets,collateral_usd
0x0f9563442d64ab3bd3bcb27058db0b0d4046a4c46f0acd811dacae9551d2b129,1,sdeUSD,USDC,0.05,0,0.0
0x0f9563442d64ab3bd3bcb27058db0b0d4046a4c46f0acd811dacae9551d2b129,1,sdeUSD,USDC,0.1,0,0.0
0x0f9563442d64ab3bd3bcb27058db0b0d4046a4c46f0acd811dacae9551d2b129,1,sdeUSD,USDC,0.15,0,0.0
0x0f9563442d64ab3bd3bcb27058db0b0d4046a4c46f0acd811dacae9551d2b129,1,sdeUSD,USDC,0.2,0,0.0
0x0f9563442d64ab3bd3bcb27058db0b0d4046a4c46f0acd811dacae9551d2b129,1,sdeUSD,USDC,0.25,0,0.0
0x0f9563442d64ab3bd3bcb27058db0b0d4046a4c46f0acd811dacae9551d2b129,1,sdeUSD,USDC,0.3,0,0.0
0x0f9563442d64ab3bd3bcb27058db0b0d4046a4c46f0acd811dacae9551d2b129,1,sdeUSD,USDC,0.35,0,0.0
0x0f9563442d64ab3bd3bcb27058db0b0d4046a4c46f0acd811dacae9551d2b129,1,sdeUSD,USDC,0.4,0,0.0
0x0f9563442d64ab3bd3bcb27058db0b0d4046a4c46f0acd811dacae9551d2b129,1,sdeUSD,USDC,0.45,0,0.0
0x0f9563442d64ab3bd3bcb27058db0b0d4046a4c46f0acd811dacae9551d2b129,1,sdeUSD,USDC,0.5,0,0.0
0x0f9563442d64ab3bd3bcb27058db0b0d4046a4c46f0acd811dacae9551d2b129,1,sdeUSD,USDC,0.55,0,0.0
0x0f9563442d64ab3bd3bcb27058db0b0d4046a4c46f0acd811dacae9551d2b129,1,sdeUSD,USDC,0.6,0,0.0
0x0f9563442d64ab3bd3bcb27058db0b0d4046a4c46f0acd811dacae9551d2b129,1,sdeUSD,USDC,0.65,0,0.0
0x0f9563442d64ab3bd3bcb27058db0b0d4046a4c46f0acd811dacae9551d2b129,1,sdeUSD,USDC,0.7,0,0.0
0x0f9563442d64ab3bd3bcb27058db0b0d4046a4c46f0acd811dacae9551d2b129,1,sdeUSD,USDC,0.75,0,0.0
0x0f9563442d64ab3bd3bcb27058db0b0d4046a4c46f0acd811dacae9551d2b129,1,sdeUSD,USDC,0.8,0,0.0
0x0f9563442d64ab3bd3bcb27058db0b0d4046a4c46f0acd811dacae9551d2b129,1,sdeUSD,USDC,0.85,0,0.0
0x0f9563442d64ab3bd3bcb27058db0b0d4046a4c46f0acd811dacae9551d2b129,1,sdeUSD,USDC,0.9,0,0.0
0x0f9563442d64ab3bd3bcb27058db0b0d4046a4c46f0acd811dacae9551d2b129,1,sdeUSD,USDC,0.95,0,0.0
0x0f9563442d64ab3bd3bcb27058db0b0d4046a4c46f0acd811dacae9551d2b129,1,sdeUSD,USDC,1.0,0,0.0
0xbd1ad3b968f5f0552dbd8cf1989a62881407c5cccf9e49fb3657c8731caf0c1f,1,deUSD,USDC,0.05,4698229384790206878497,5.501651885740717
0xbd1ad3b968f5f0552dbd8cf1989a62881407c5cccf9e49fb3657c8731caf0c1f,1,deUSD,USDC,0.1,4698229384790206878497,5.501651885740717
0xbd1ad3b968f5f0552dbd8cf1989a62881407c5cccf9e49fb3657c8731caf0c1f,1,deUSD,USDC,0.15,4698229384790206878497,5.501651885740717
0xbd1ad3b968f5f0552dbd8cf1989a62881407c5cccf9e49fb3657c8731caf0c1f,1,deUSD,USDC,0.2,4698229384790206878497,5.501651885740717
0xbd1ad3b968f5f0552dbd8cf1989a62881407c5cccf9e49fb3657c8731caf0c1f,1,deUSD,USDC,0.25,4698229384790206878497,5.501651885740717
0xbd1ad3b968f5f0552dbd8cf1989a62881407c5cccf9e49fb3657c8731caf0c1f,1,deUSD,USDC,0.3,4698229384790206878497,5.501651885740717
0xbd1ad3b968f5f0552dbd8cf1989a62881407c5cccf9e49fb3657c8731caf0c1f,1,deUSD,USDC,0.35,4698229384790206878497,5.501651885740717
0xbd1ad3b968f5f0552dbd8cf1989a62881407c5cccf9e49fb3657c8731caf0c1f,1,deUSD,USDC,0.4,4698229384790206878497,5.501651885740717
0xbd1ad3b968f5f0552dbd8cf1989a62881407c5cccf9e49fb3657c8731caf0c1f,1,deUSD,USDC,0.45,4698229384790206878497,5.501651885740717
0xbd1ad3b968f5f0552dbd8cf1989a62881407c5cccf9e49fb3657c8731caf0c1f,1,deUSD,USDC,0.5,4698229384790206878497,5.501651885740717
0xbd1ad3b968f5f0552dbd8cf1989a62881407c5cccf9e49fb3657c8731caf0c1f,1,deUSD,USDC,0.55,4698229384790206878497,5.501651885740717
0xbd1ad3b968f5f0552dbd8cf1989a62881407c5cccf9e49fb3657c8731caf0c1f,1,deUSD,USDC,0.6,3979657651345436408043,4.660200520010321
0xbd1ad3b968f5f0552dbd8cf1989a62881407c5cccf9e49fb3657c8731caf0c1f,1,deUSD,USDC,0.65,3979657651345436408043,4.660200520010321
0xbd1ad3b968f5f0552dbd8cf1989a62881407c5cccf9e49fb3657c8731caf0c1f,1,deUSD,USDC,0.7,3979657651345436408043,4.660200520010321
0xbd1ad3b968f5f0552dbd8cf1989a62881407c5cccf9e49fb3657c8731caf0c1f,1,deUSD,USDC,0.75,3979657651345436408043,4.660200520010321
0xbd1ad3b968f5f0552dbd8cf1989a62881407c5cccf9e49fb3657c8731caf0c1f,1,deUSD,USDC,0.8,3979657651345436408043,4.660200520010321
0xbd1ad3b968f5f0552dbd8cf1989a62881407c5cccf9e49fb3657c8731caf0c1f,1,deUSD,USDC,0.85,3979657651345436408043,4.660200520010321
0xbd1ad3b968f5f0552dbd8cf1989a62881407c5cccf9e49fb3657c8731caf0c1f,1,deUSD,USDC,0.9,3979657651345436408043,4.660200520010321
0xbd1ad3b968f5f0552dbd8cf1989a62881407c5cccf9e49fb3657c8731caf0c1f,1,deUSD,USDC,0.95,3979657651345436408043,4.660200520010321
0xbd1ad3b968f5f0552dbd8cf1989a62881407c5cccf9e49fb3657c8731caf0c1f,1,deUSD,USDC,1.0,3979657651345436408043,4.660200520010321
0x1c6f0822b996c86b2cace788cc265beb4f84585456aba8f424c710e67116b93d,1,deUSD,USDC,0.05,0,0.0
0x1c6f0822b996c86b2cace788cc265beb4f84585456aba8f424c710e67116b93d,1,deUSD,USDC,0.1,0,0.0
0x1c6f0822b996c86b2cace788cc265beb4f84585456aba8f424c710e67116b93d,1,deUSD,USDC,0.15,0,0.0
0x1c6f0822b996c86b2cace788cc265beb4f84585456aba8f424c710e67116b93d,1,deUSD,USDC,0.2,0,0.0
0x1c6f0822b996c86b2cace788cc265beb4f84585456aba8f424c710e67116b93d,1,deUSD,USDC,0.25,0,0.0
0x1c6f0822b996c86b2cace788cc265beb4f84585456aba8f424c710e67116b93d,1,deUSD,USDC,0.3,0,0.0
0x1c6f0822b996c86b2cace788cc265beb4f84585456aba8f424c710e67116b93d,1,deUSD,USDC,0.35,0,0.0
0x1c6f0822b996c86b2cace788cc265beb4f84585456aba8f424c710e67116b93d,1,deUSD,USDC,0.4,0,0.0
0x1c6f0822b996c86b2cace788cc265beb4f84585456aba8f424c710e67116b93d,1,deUSD,USDC,0.45,0,0.0
0x1c6f0822b996c86b2cace788cc265beb4f84585456aba8f424c710e67116b93d,1,deUSD,USDC,0.5,0,0.0
0x1c6f0822b996c86b2cace788cc265beb4f84585456aba8f424c710e67116b93d,1,deUSD,USDC,0.55,0,0.0
0x1c6f0822b996c86b2cace788cc265beb4f84585456aba8f424c710e67116b93d,1,deUSD,USDC,0.6,0,0.0
0x1c6f0822b996c86b2cace788cc265beb4f84585456aba8f424c710e67116b93d,1,deUSD,USDC,0.65,0,0.0
0x1c6f0822b996c86b2cace788cc265beb4f84585456aba8f424c710e67116b93d,1,deUSD,USDC,0.7,0,0.0
0x1c6f0822b996c86b2cace788cc265beb4f84585456aba8f424c710e67116b93d,1,deUSD,USDC,0.75,0,0.0
0x1c6f0822b996c86b2cace788cc265beb4f84585456aba8f424c710e67116b93d,1,deUSD,USDC,0.8,0,0.0
0x1c6f0822b996c86b2cace788cc265beb4f84585456aba8f424c710e67116b93d,1,deUSD,USDC,0.85,0,0.0
0x1c6f0822b996c86b2cace788cc265beb4f84585456aba8f424c710e67116b93d,1,deUSD,USDC,0.9,0,0.0
0x1c6f0822b996c86b2cace788cc265beb4f84585456aba8f424c710e67116b93d,1,deUSD,USDC,0.95,0,0.0
0x1c6f0822b996c86b2cace788cc265beb4f84585456aba8f424c710e67116b93d,1,deUSD,USDC,1.0,0,0.0
0x7182fd5e9c6a77156d6ac024d1e462b9ca3a85463961957a5e3d367c9ce44b84,1,deUSD,USDC,0.05,0,0.0
0x7182fd5e9c6a77156d6ac024d1e462b9ca3a85463961957a5e3d367c9ce44b84,1,deUSD,USDC,0.1,0,0.0
0x7182fd5e9c6a77156d6ac024d1e462b9ca3a85463961957a5e3d367c9ce44b84,1,deUSD,USDC,0.15,0,0.0
0x7182fd5e9c6a77156d6ac024d1e462b9ca3a85463961957a5e3d367c9ce44b84,1,deUSD,USDC,0.2,0,0.0
0x7182fd5e9c6a77156d6ac024d1e462b9ca3a85463961957a5e3d367c9ce44b84,1,deUSD,USDC,0.25,0,0.0
0x7182fd5e9c6a77156d6ac024d1e462b9ca3a85463961957a5e3d367c9ce44b84,1,deUSD,USDC,0.3,0,0.0
0x7182fd5e9c6a77156d6ac024d1e462b9ca3a85463961957a5e3d367c9ce44b84,1,deUSD,USDC,0.35,0,0.0
0x7182fd5e9c6a77156d6ac024d1e462b9ca3a85463961957a5e3d367c9ce44b84,1,deUSD,USDC,0.4,0,0.0
0x7182fd5e9c6a77156d6ac024d1e462b9ca3a85463961957a5e3d367c9ce44b84,1,deUSD,USDC,0.45,0,0.0
0x7182fd5e9c6a77156d6ac024d1e462b9ca3a85463961957a5e3d367c9ce44b84,1,deUSD,USDC,0.5,0,0.0
0x7182fd5e9c6a77156d6ac024d1e462b9ca3a85463961957a5e3d367c9ce44b84,1,deUSD,USDC,0.55,0,0.0
0x7182fd5e9c6a77156d6ac024d1e462b9ca3a85463961957a5e3d367c9ce44b84,1,deUSD,USDC,0.6,0,0.0
0x7182fd5e9c6a77156d6ac024d1e462b9ca3a85463961957a5e3d367c9ce44b84,1,deUSD,USDC,0.65,0,0.0
0x7182fd5e9c6a77156d6ac024d1e462b9ca3a85463961957a5e3d367c9ce44b84,1,deUSD,USDC,0.7,0,0.0
0x7182fd5e9c6a77156d6ac024d1e462b9ca3a85463961957a5e3d367c9ce44b84,1,deUSD,USDC,0.75,0,0.0
0x7182fd5e9c6a77156d6ac024d1e462b9ca3a85463961957a5e3d367c9ce44b84,1,deUSD,USDC,0.8,0,0.0
0x7182fd5e9c6a77156d6ac024d1e462b9ca3a85463961957a5e3d367c9ce44b84,1,deUSD,USDC,0.85,0,0.0
0x7182fd5e9c6a77156d6ac024d1e462b9ca3a85463961957a5e3d367c9ce44b84,1,deUSD,USDC,0.9,0,0.0
0x7182fd5e9c6a77156d6ac024d1e462b9ca3a85463961957a5e3d367c9ce44b84,1,deUSD,USDC,0.95,0,0.0
0x7182fd5e9c6a77156d6ac024d1e462b9ca3a85463961957a5e3d367c9ce44b84,1,deUSD,USDC,1.0,0,0.0
0x47994b98c35ff54b5c9e6375adceb7fe687808fb4d69eae830a695ce491fa9a9,98866,sdeUSD,USDC.e,0.05,0,0.0
0x47994b98c35ff54b5c9e6375adceb7fe687808fb4d69eae830a695ce491fa9a9,98866,sdeUSD,USDC.e,0.1,0,0.0
0x47994b98c35ff54b5c9e6375adceb7fe687808fb4d69eae830a695ce491fa9a9,98866,sdeUSD,USDC.e,0.15,0,0.0
0x47994b98c35ff54b5c9e6375adceb7fe687808fb4d69eae830a695ce491fa9a9,98866,sdeUSD,USDC.e,0.2,0,0.0
0x47994b98c35ff54b5c9e6375adceb7fe687808fb4d69eae830a695ce491fa9a9,98866,sdeUSD,USDC.e,0.25,0,0.0
0x47994b98c35ff54b5c9e6375adceb7fe687808fb4d69eae830a695ce491fa9a9,98866,sdeUSD,USDC.e,0.3,0,0.0
0x47994b98c35ff54b5c9e6375adceb7fe687808fb4d69eae830a695ce491fa9a9,98866,sdeUSD,USDC.e,0.35,0,0.0
0x47994b98c35ff54b5c9e6375adceb7fe687808fb4d69eae830a695ce491fa9a9,98866,sdeUSD,USDC.e,0.4,0,0.0
0x47994b98c35ff54b5c9e6375adceb7fe687808fb4d69eae830a695ce491fa9a9,98866,sdeUSD,USDC.e,0.45,0,0.0
0x47994b98c35ff54b5c9e6375adceb7fe687808fb4d69eae830a695ce491fa9a9,98866,sdeUSD,USDC.e,0.5,0,0.0
0x47994b98c35ff54b5c9e6375adceb7fe687808fb4d69eae830a695ce491fa9a9,98866,sdeUSD,USDC.e,0.55,0,0.0
0x47994b98c35ff54b5c9e6375adceb7fe687808fb4d69eae830a695ce491fa9a9,98866,sdeUSD,USDC.e,0.6,0,0.0
0x47994b98c35ff54b5c9e6375adceb7fe687808fb4d69eae830a695ce491fa9a9,98866,sdeUSD,USDC.e,0.65,0,0.0
0x47994b98c35ff54b5c9e6375adceb7fe687808fb4d69eae830a695ce491fa9a9,98866,sdeUSD,USDC.e,0.7,0,0.0
0x47994b98c35ff54b5c9e6375adceb7fe687808fb4d69eae830a695ce491fa9a9,98866,sdeUSD,USDC.e,0.75,0,0.0
0x47994b98c35ff54b5c9e6375adceb7fe687808fb4d69eae830a695ce491fa9a9,98866,sdeUSD,USDC.e,0.8,0,0.0
0x47994b98c35ff54b5c9e6375adceb7fe687808fb4d69eae830a695ce491fa9a9,98866,sdeUSD,USDC.e,0.85,0,0.0
0x47994b98c35ff54b5c9e6375adceb7fe687808fb4d69eae830a695ce491fa9a9,98866,sdeUSD,USDC.e,0.9,0,0.0
0x47994b98c35ff54b5c9e6375adceb7fe687808fb4d69eae830a695ce491fa9a9,98866,sdeUSD,USDC.e,0.95,0,0.0
0x47994b98c35ff54b5c9e6375adceb7fe687808fb4d69eae830a695ce491fa9a9,98866,sdeUSD,USDC.e,1.0,0,0.0
0x82e7ab8ccabaac59b5f397507ed031ebf19a9a5b2657c00c93bc2423cd0a890d,98866,xUSD,USDC,0.05,65845263180000,0.0
0x82e7ab8ccabaac59b5f397507ed031ebf19a9a5b2657c00c93bc2423cd0a890d,98866,xUSD,USDC,0.1,65845263180000,0.0
0x82e7ab8ccabaac59b5f397507ed031ebf19a9a5b2657c00c93bc2423cd0a890d,98866,xUSD,USDC,0.15,65845263180000,0.0
0x82e7ab8ccabaac59b5f397507ed031ebf19a9a5b2657c00c93bc2423cd0a890d,98866,xUSD,USDC,0.2,65845263180000,0.0
0x82e7ab8ccabaac59b5f397507ed031ebf19a9a5b2657c00c93bc2423cd0a890d,98866,xUSD,USDC,0.25,65845263180000,0.0
0x82e7ab8ccabaac59b5f397507ed031ebf19a9a5b2657c00c93bc2423cd0a890d,98866,xUSD,USDC,0.3,65845263180000,0.0
0x82e7ab8ccabaac59b5f397507ed031ebf19a9a5b2657c00c93bc2423cd0a890d,98866,xUSD,USDC,0.35,65845263180000,0.0
0x82e7ab8ccabaac59b5f397507ed031ebf19a9a5b2657c00c93bc2423cd0a890d,98866,xUSD,USDC,0.4,65845253180000,0.0
0x82e7ab8ccabaac59b5f397507ed031ebf19a9a5b2657c00c93bc2423cd0a890d,98866,xUSD,USDC,0.45,65845253180000,0.0
0x82e7ab8ccabaac59b5f397507ed031ebf19a9a5b2657c00c93bc2423cd0a890d,98866,xUSD,USDC,0.5,65845253180000,0.0
0x82e7ab8ccabaac59b5f397507ed031ebf19a9a5b2657c00c93bc2423cd0a890d,98866,xUSD,USDC,0.55,65845253180000,0.0
0x82e7ab8ccabaac59b5f397507ed031ebf19a9a5b2657c00c93bc2423cd0a890d,98866,xUSD,USDC,0.6,65845253180000,0.0
0x82e7ab8ccabaac59b5f397507ed031ebf19a9a5b2657c00c93bc2423cd0a890d,98866,xUSD,USDC,0.65,65845253180000,0.0
0x82e7ab8ccabaac59b5f397507ed031ebf19a9a5b2657c00c93bc2423cd0a890d,98866,xUSD,USDC,0.7,65845253180000,0.0
0x82e7ab8ccabaac59b5f397507ed031ebf19a9a5b2657c00c93bc2423cd0a890d,98866,xUSD,USDC,0.75,65845253180000,0.0
0x82e7ab8ccabaac59b5f397507ed031ebf19a9a5b2657c00c93bc2423cd0a890d,98866,xUSD,USDC,0.8,65845253180000,0.0
0x82e7ab8ccabaac59b5f397507ed031ebf19a9a5b2657c00c93bc2423cd0a890d,98866,xUSD,USDC,0.85,65845253180000,0.0
0x82e7ab8ccabaac59b5f397507ed031ebf19a9a5b2657c00c93bc2423cd0a890d,98866,xUSD,USDC,0.9,65845253180000,0.0
0x82e7ab8ccabaac59b5f397507ed031ebf19a9a5b2657c00c93bc2423cd0a890d,98866,xUSD,USDC,0.95,65845253180000,0.0
0x82e7ab8ccabaac59b5f397507ed031ebf19a9a5b2657c00c93bc2423cd0a890d,98866,xUSD,USDC,1.0,65845253180000,0.0
0x8d009383866dffaac5fe25af684e93f8dd5a98fed1991c298624ecc3a860f39f,98866,sdeUSD,pUSD,0.05,125161675716323786664,0.0
0x8d009383866dffaac5fe25af684e93f8dd5a98fed1991c298624ecc3a860f39f,98866,sdeUSD,pUSD,0.1,125161675716323786664,0.0
0x8d009383866dffaac5fe25af684e93f8dd5a98fed1991c298624ecc3a860f39f,98866,sdeUSD,pUSD,0.15,125161675716323786664,0.0
0x8d009383866dffaac5fe25af684e93f8dd5a98fed1991c298624ecc3a860f39f,98866,sdeUSD,pUSD,0.2,125161675716323786664,0.0
0x8d009383866dffaac5fe25af684e93f8dd5a98fed1991c298624ecc3a860f39f,98866,sdeUSD,pUSD,0.25,125161675716323786664,0.0
0x8d009383866dffaac5fe25af684e93f8dd5a98fed1991c298624ecc3a860f39f,98866,sdeUSD,pUSD,0.3,125161675716323786664,0.0
0x8d009383866dffaac5fe25af684e93f8dd5a98fed1991c298624ecc3a860f39f,98866,sdeUSD,pUSD,0.35,125161675716323786664,0.0
0x8d009383866dffaac5fe25af684e93f8dd5a98fed1991c298624ecc3a860f39f,98866,sdeUSD,pUSD,0.4,125161675716323786664,0.0
0x8d009383866dffaac5fe25af684e93f8dd5a98fed1991c298624ecc3a860f39f,98866,sdeUSD,pUSD,0.45,125161675716323786664,0.0
0x8d009383866dffaac5fe25af684e93f8dd5a98fed1991c298624ecc3a860f39f,98866,sdeUSD,pUSD,0.5,125161675716323786664,0.0
0x8d009383866dffaac5fe25af684e93f8dd5a98fed1991c298624ecc3a860f39f,98866,sdeUSD,pUSD,0.55,125161675716323786664,0.0
0x8d009383866dffaac5fe25af684e93f8dd5a98fed1991c298624ecc3a860f39f,98866,sdeUSD,pUSD,0.6,125161675716323786664,0.0
0x8d009383866dffaac5fe25af684e93f8dd5a98fed1991c298624ecc3a860f39f,98866,sdeUSD,pUSD,0.65,125161675716323786664,0.0
0x8d009383866dffaac5fe25af684e93f8dd5a98fed1991c298624ecc3a860f39f,98866,sdeUSD,pUSD,0.7,125161675716323786664,0.0
0x8d009383866dffaac5fe25af684e93f8dd5a98fed1991c298624ecc3a860f39f,98866,sdeUSD,pUSD,0.75,125161675716323786664,0.0
0x8d009383866dffaac5fe25af684e93f8dd5a98fed1991c298624ecc3a860f39f,98866,sdeUSD,pUSD,0.8,125161675716323786664,0.0
0x8d009383866dffaac5fe25af684e93f8dd5a98fed1991c298624ecc3a860f39f,98866,sdeUSD,pUSD,0.85,125161675716323786664,0.0
0x8d009383866dffaac5fe25af684e93f8dd5a98fed1991c298624ecc3a860f39f,98866,sdeUSD,pUSD,0.9,125161675716323786664,0.0
0x8d009383866dffaac5fe25af684e93f8dd5a98fed1991c298624ecc3a860f39f,98866,sdeUSD,pUSD,0.95,125161675716323786664,0.0
0x8d009383866dffaac5fe25af684e93f8dd5a98fed1991c298624ecc3a860f39f,98866,sdeUSD,pUSD,1.0,125161675716323786664,0.0
0xf62889596262da8f0745617b3c45f2b300f44774c17877cbb6f025ee99ca782c,98866,deUSD,USDC,0.05,0,0.0
0xf62889596262da8f0745617b3c45f2b300f44774c17877cbb6f025ee99ca782c,98866,deUSD,USDC,0.1,0,0.0
0xf62889596262da8f0745617b3c45f2b300f44774c17877cbb6f025ee99ca782c,98866,deUSD,USDC,0.15,0,0.0
0xf62889596262da8f0745617b3c45f2b300f44774c17877cbb6f025ee99ca782c,98866,deUSD,USDC,0.2,0,0.0
0xf62889596262da8f0745617b3c45f2b300f44774c17877cbb6f025ee99ca782c,98866,deUSD,USDC,0.25,0,0.0
0xf62889596262da8f0745617b3c45f2b300f44774c17877cbb6f025ee99ca782c,98866,deUSD,USDC,0.3,0,0.0
0xf62889596262da8f0745617b3c45f2b300f44774c17877cbb6f025ee99ca782c,98866,deUSD,USDC,0.35,0,0.0
0xf62889596262da8f0745617b3c45f2b300f44774c17877cbb6f025ee99ca782c,98866,deUSD,USDC,0.4,0,0.0
0xf62889596262da8f0745617b3c45f2b300f44774c17877cbb6f025ee99ca782c,98866,deUSD,USDC,0.45,0,0.0
0xf62889596262da8f0745617b3c45f2b300f44774c17877cbb6f025ee99ca782c,98866,deUSD,USDC,0.5,0,0.0
0xf62889596262da8f0745617b3c45f2b300f44774c17877cbb6f025ee99ca782c,98866,deUSD,USDC,0.55,0,0.0
0xf62889596262da8f0745617b3c45f2b300f44774c17877cbb6f025ee99ca782c,98866,deUSD,USDC,0.6,0,0.0
0xf62889596262da8f0745617b3c45f2b300f44774c17877cbb6f025ee99ca782c,98866,deUSD,USDC,0.65,0,0.0
0xf62889596262da8f0745617b3c45f2b300f44774c17877cbb6f025ee99ca782c,98866,deUSD,USDC,0.7,0,0.0
0xf62889596262da8f0745617b3c45f2b300f44774c17877cbb6f025ee99ca782c,98866,deUSD,USDC,0.75,0,0.0
0xf62889596262da8f0745617b3c45f2b300f44774c17877cbb6f025ee99ca782c,98866,deUSD,USDC,0.8,0,0.0
0xf62889596262da8f0745617b3c45f2b300f44774c17877cbb6f025ee99ca782c,98866,deUSD,USDC,0.85,0,0.0
0xf62889596262da8f0745617b3c45f2b300f44774c17877cbb6f025ee99ca782c,98866,deUSD,USDC,0.9,0,0.0
0xf62889596262da8f0745617b3c45f2b300f44774c17877cbb6f025ee99ca782c,98866,deUSD,USDC,0.95,0,0.0
0xf62889596262da8f0745617b3c45f2b300f44774c17877cbb6f025ee99ca782c,98866,deUSD,USDC,1.0,0,0.0
0x7c03103c24ccfa9188bf41a8d44423cf5492645805eb1d23d9f862717d3fe5ab,42161,xUSD,USDC,0.05,801180,0.0
0x7c03103c24ccfa9188bf41a8d44423cf5492645805eb1d23d9f862717d3fe5ab,42161,xUSD,USDC,0.1,801180,0.0
0x7c03103c24ccfa9188bf41a8d44423cf5492645805eb1d23d9f862717d3fe5ab,42161,xUSD,USDC,0.15,801180,0.0
0x7c03103c24ccfa9188bf41a8d44423cf5492645805eb1d23d9f862717d3fe5ab,42161,xUSD,USDC,0.2,801180,0.0
0x7c03103c24ccfa9188bf41a8d44423cf5492645805eb1d23d9f862717d3fe5ab,42161,xUSD,USDC,0.25,801180,0.0
0x7c03103c24ccfa9188bf41a8d44423cf5492645805eb1d23d9f862717d3fe5ab,42161,xUSD,USDC,0.3,801180,0.0
0x7c03103c24ccfa9188bf41a8d44423cf5492645805eb1d23d9f862717d3fe5ab,42161,xUSD,USDC,0.35,801180,0.0
0x7c03103c24ccfa9188bf41a8d44423cf5492645805eb1d23d9f862717d3fe5ab,42161,xUSD,USDC,0.4,801180,0.0
0x7c03103c24ccfa9188bf41a8d44423cf5492645805eb1d23d9f862717d3fe5ab,42161,xUSD,USDC,0.45,801180,0.0
0x7c03103c24ccfa9188bf41a8d44423cf5492645805eb1d23d9f862717d3fe5ab,42161,xUSD,USDC,0.5,801180,0.0
0x7c03103c24ccfa9188bf41a8d44423cf5492645805eb1d23d9f862717d3fe5ab,42161,xUSD,USDC,0.55,801180,0.0
0x7c03103c24ccfa9188bf41a8d44423cf5492645805eb1d23d9f862717d3fe5ab,42161,xUSD,USDC,0.6,801180,0.0
0x7c03103c24ccfa9188bf41a8d44423cf5492645805eb1d23d9f862717d3fe5ab,42161,xUSD,USDC,0.65,801180,0.0
0x7c03103c24ccfa9188bf41a8d44423cf5492645805eb1d23d9f862717d3fe5ab,42161,xUSD,USDC,0.7,801180,0.0
0x7c03103c24ccfa9188bf41a8d44423cf5492645805eb1d23d9f862717d3fe5ab,42161,xUSD,USDC,0.75,801180,0.0
0x7c03103c24ccfa9188bf41a8d44423cf5492645805eb1d23d9f862717d3fe5ab,42161,xUSD,USDC,0.8,801180,0.0
0x7c03103c24ccfa9188bf41a8d44423cf5492645805eb1d23d9f862717d3fe5ab,42161,xUSD,USDC,0.85,801180,0.0
0x7c03103c24ccfa9188bf41a8d44423cf5492645805eb1d23d9f862717d3fe5ab,42161,xUSD,USDC,0.9,801180,0.0
0x7c03103c24ccfa9188bf41a8d44423cf5492645805eb1d23d9f862717d3fe5ab,42161,xUSD,USDC,0.95,801180,0.0
0x7c03103c24ccfa9188bf41a8d44423cf5492645805eb1d23d9f862717d3fe5ab,42161,xUSD,USDC,1.0,801180,0.0
0x9e90aec7d768403dacc9dd0d8320307fda3f980eed4df43e3e52168a1c667709,42161,xUSD,USDC,0.05,644314812208,0.0
0x9e90aec7d768403dacc9dd0d8320307fda3f980eed4df43e3e52168a1c667709,42161,xUSD,USDC,0.1,644314812208,0.0
0x9e90aec7d768403dacc9dd0d8320307fda3f980eed4df43e3e52168a1c667709,42161,xUSD,USDC,0.15,644314812208,0.0
0x9e90aec7d768403dacc9dd0d8320307fda3f980eed4df43e3e52168a1c667709,42161,xUSD,USDC,0.2,644314812208,0.0
0x9e90aec7d768403dacc9dd0d8320307fda3f980eed4df43e3e52168a1c667709,42161,xUSD,USDC,0.25,644314812208,0.0
0x9e90aec7d768403dacc9dd0d8320307fda3f980eed4df43e3e52168a1c667709,42161,xUSD,USDC,0.3,644314812208,0.0
0x9e90aec7d768403dacc9dd0d8320307fda3f980eed4df43e3e52168a1c667709,42161,xUSD,USDC,0.35,644314812208,0.0
0x9e90aec7d768403dacc9dd0d8320307fda3f980eed4df43e3e52168a1c667709,42161,xUSD,USDC,0.4,644314812208,0.0
0x9e90aec7d768403dacc9dd0d8320307fda3f980eed4df43e3e52168a1c667709,42161,xUSD,USDC,0.45,644314812208,0.0
0x9e90aec7d768403dacc9dd0d8320307fda3f980eed4df43e3e52168a1c667709,42161,xUSD,USDC,0.5,644314812208,0.0
0x9e90aec7d768403dacc9dd0d8320307fda3f980eed4df43e3e52168a1c667709,42161,xUSD,USDC,0.55,644314812208,0.0
0x9e90aec7d768403dacc9dd0d8320307fda3f980eed4df43e3e52168a1c667709,42161,xUSD,USDC,0.6,644314812208,0.0
0x9e90aec7d768403dacc9dd0d8320307fda3f980eed4df43e3e52168a1c667709,42161,xUSD,USDC,0.65,644314812208,0.0
0x9e90aec7d768403dacc9dd0d8320307fda3f980eed4df43e3e52168a1c667709,42161,xUSD,USDC,0.7,644314812208,0.0
0x9e90aec7d768403dacc9dd0d8320307fda3f980eed4df43e3e52168a1c667709,42161,xUSD,USDC,0.75,644314812208,0.0
0x9e90aec7d768403dacc9dd0d8320307fda3f980eed4df43e3e52168a1c667709,42161,xUSD,USDC,0.8,644314812208,0.0
0x9e90aec7d768403dacc9dd0d8320307fda3f980eed4df43e3e52168a1c667709,42161,xUSD,USDC,0.85,644314812208,0.0
0x9e90aec7d768403dacc9dd0d8320307fda3f980eed4df43e3e52168a1c667709,42161,xUSD,USDC,0.9,644314812208,0.0
0x9e90aec7d768403dacc9dd0d8320307fda3f980eed4df43e3e52168a1c667709,42161,xUSD,USDC,0.95,644314812208,0.0
0x9e90aec7d768403dacc9dd0d8320307fda3f980eed4df43e3e52168a1c667709,42161,xUSD,USDC,1.0,644314812208,0.0
0xeb0403429dabb5829047fb5c05dcaa816a41d164424341db7d10cc5dd86a967d,1,deUSD,sUSDS,0.05,0,0.0
0xeb0403429dabb5829047fb5c05dcaa816a41d164424341db7d10cc5dd86a967d,1,deUSD,sUSDS,0.1,0,0.0
0xeb0403429dabb5829047fb5c05dcaa816a41d164424341db7d10cc5dd86a967d,1,deUSD,sUSDS,0.15,0,0.0
0xeb0403429dabb5829047fb5c05dcaa816a41d164424341db7d10cc5dd86a967d,1,deUSD,sUSDS,0.2,0,0.0
0xeb0403429dabb5829047fb5c05dcaa816a41d164424341db7d10cc5dd86a967d,1,deUSD,sUSDS,0.25,0,0.0
0xeb0403429dabb5829047fb5c05dcaa816a41d164424341db7d10cc5dd86a967d,1,deUSD,sUSDS,0.3,0,0.0
0xeb0403429dabb5829047fb5c05dcaa816a41d164424341db7d10cc5dd86a967d,1,deUSD,sUSDS,0.35,0,0.0
0xeb0403429dabb5829047fb5c05dcaa816a41d164424341db7d10cc5dd86a967d,1,deUSD,sUSDS,0.4,0,0.0
0xeb0403429dabb5829047fb5c05dcaa816a41d164424341db7d10cc5dd86a967d,1,deUSD,sUSDS,0.45,0,0.0
0xeb0403429dabb5829047fb5c05dcaa816a41d164424341db7d10cc5dd86a967d,1,deUSD,sUSDS,0.5,0,0.0
0xeb0403429dabb5829047fb5c05dcaa816a41d164424341db7d10cc5dd86a967d,1,deUSD,sUSDS,0.55,0,0.0
0xeb0403429dabb5829047fb5c05dcaa816a41d164424341db7d10cc5dd86a967d,1,deUSD,sUSDS,0.6,0,0.0
0xeb0403429dabb5829047fb5c05dcaa816a41d164424341db7d10cc5dd86a967d,1,deUSD,sUSDS,0.65,0,0.0
0xeb0403429dabb5829047fb5c05dcaa816a41d164424341db7d10cc5dd86a967d,1,deUSD,sUSDS,0.7,0,0.0
0xeb0403429dabb5829047fb5c05dcaa816a41d164424341db7d10cc5dd86a967d,1,deUSD,sUSDS,0.75,0,0.0
0xeb0403429dabb5829047fb5c05dcaa816a41d164424341db7d10cc5dd86a967d,1,deUSD,sUSDS,0.8,0,0.0
0xeb0403429dabb5829047fb5c05dcaa816a41d164424341db7d10cc5dd86a967d,1,deUSD,sUSDS,0.85,0,0.0
0xeb0403429dabb5829047fb5c05dcaa816a41d164424341db7d10cc5dd86a967d,1,deUSD,sUSDS,0.9,0,0.0
0xeb0403429dabb5829047fb5c05dcaa816a41d164424341db7d10cc5dd86a967d,1,deUSD,sUSDS,0.95,0,0.0
0xeb0403429dabb5829047fb5c05dcaa816a41d164424341db7d10cc5dd86a967d,1,deUSD,sUSDS,1.0,0,0.0
0xe31af163f7ea13aa0d7719f3d865a8795a7973d9ff54ff418431718ad16f5c2d,1,sdeUSD,USDC,0.05,0,0.0
0xe31af163f7ea13aa0d7719f3d865a8795a7973d9ff54ff418431718ad16f5c2d,1,sdeUSD,USDC,0.1,0,0.0
0xe31af163f7ea13aa0d7719f3d865a8795a7973d9ff54ff418431718ad16f5c2d,1,sdeUSD,USDC,0.15,0,0.0
0xe31af163f7ea13aa0d7719f3d865a8795a7973d9ff54ff418431718ad16f5c2d,1,sdeUSD,USDC,0.2,0,0.0
0xe31af163f7ea13aa0d7719f3d865a8795a7973d9ff54ff418431718ad16f5c2d,1,sdeUSD,USDC,0.25,0,0.0
0xe31af163f7ea13aa0d7719f3d865a8795a7973d9ff54ff418431718ad16f5c2d,1,sdeUSD,USDC,0.3,0,0.0
0xe31af163f7ea13aa0d7719f3d865a8795a7973d9ff54ff418431718ad16f5c2d,1,sdeUSD,USDC,0.35,0,0.0
0xe31af163f7ea13aa0d7719f3d865a8795a7973d9ff54ff418431718ad16f5c2d,1,sdeUSD,USDC,0.4,0,0.0
0xe31af163f7ea13aa0d7719f3d865a8795a7973d9ff54ff418431718ad16f5c2d,1,sdeUSD,USDC,0.45,0,0.0
0xe31af163f7ea13aa0d7719f3d865a8795a7973d9ff54ff418431718ad16f5c2d,1,sdeUSD,USDC,0.5,0,0.0
0xe31af163f7ea13aa0d7719f3d865a8795a7973d9ff54ff418431718ad16f5c2d,1,sdeUSD,USDC,0.55,0,0.0
0xe31af163f7ea13aa0d7719f3d865a8795a7973d9ff54ff418431718ad16f5c2d,1,sdeUSD,USDC,0.6,0,0.0
0xe31af163f7ea13aa0d7719f3d865a8795a7973d9ff54ff418431718ad16f5c2d,1,sdeUSD,USDC,0.65,0,0.0
0xe31af163f7ea13aa0d7719f3d865a8795a7973d9ff54ff418431718ad16f5c2d,1,sdeUSD,USDC,0.7,0,0.0
0xe31af163f7ea13aa0d7719f3d865a8795a7973d9ff54ff418431718ad16f5c2d,1,sdeUSD,USDC,0.75,0,0.0
0xe31af163f7ea13aa0d7719f3d865a8795a7973d9ff54ff418431718ad16f5c2d,1,sdeUSD,USDC,0.8,0,0.0
0xe31af163f7ea13aa0d7719f3d865a8795a7973d9ff54ff418431718ad16f5c2d,1,sdeUSD,USDC,0.85,0,0.0
0xe31af163f7ea13aa0d7719f3d865a8795a7973d9ff54ff418431718ad16f5c2d,1,sdeUSD,USDC,0.9,0,0.0
0xe31af163f7ea13aa0d7719f3d865a8795a7973d9ff54ff418431718ad16f5c2d,1,sdeUSD,USDC,0.95,0,0.0
0xe31af163f7ea13aa0d7719f3d865a8795a7973d9ff54ff418431718ad16f5c2d,1,sdeUSD,USDC,1.0,0,0.0
0x226a59cd57c8c75ddaf440e2be68b92dbf8dafaed6a715290d0789d1fdc521c2,1,deUSD,USDC,0.05,0,0.0
0x226a59cd57c8c75ddaf440e2be68b92dbf8dafaed6a715290d0789d1fdc521c2,1,deUSD,USDC,0.1,0,0.0
0x226a59cd57c8c75ddaf440e2be68b92dbf8dafaed6a715290d0789d1fdc521c2,1,deUSD,USDC,0.15,0,0.0
0x226a59cd57c8c75ddaf440e2be68b92dbf8dafaed6a715290d0789d1fdc521c2,1,deUSD,USDC,0.2,0,0.0
0x226a59cd57c8c75ddaf440e2be68b92dbf8dafaed6a715290d0789d1fdc521c2,1,deUSD,USDC,0.25,0,0.0
0x226a59cd57c8c75ddaf440e2be68b92dbf8dafaed6a715290d0789d1fdc521c2,1,deUSD,USDC,0.3,0,0.0
0x226a59cd57c8c75ddaf440e2be68b92dbf8dafaed6a715290d0789d1fdc521c2,1,deUSD,USDC,0.35,0,0.0
0x226a59cd57c8c75ddaf440e2be68b92dbf8dafaed6a715290d0789d1fdc521c2,1,deUSD,USDC,0.4,0,0.0
0x226a59cd57c8c75ddaf440e2be68b92dbf8dafaed6a715290d0789d1fdc521c2,1,deUSD,USDC,0.45,0,0.0
0x226a59cd57c8c75ddaf440e2be68b92dbf8dafaed6a715290d0789d1fdc521c2,1,deUSD,USDC,0.5,0,0.0
0x226a59cd57c8c75ddaf440e2be68b92dbf8dafaed6a715290d0789d1fdc521c2,1,deUSD,USDC,0.55,0,0.0
0x226a59cd57c8c75ddaf440e2be68b92dbf8dafaed6a715290d0789d1fdc521c2,1,deUSD,USDC,0.6,0,0.0
0x226a59cd57c8c75ddaf440e2be68b92dbf8dafaed6a715290d0789d1fdc521c2,1,deUSD,USDC,0.65,0,0.0
0x226a59cd57c8c75ddaf440e2be68b92dbf8dafaed6a715290d0789d1fdc521c2,1,deUSD,USDC,0.7,0,0.0
0x226a59cd57c8c75ddaf440e2be68b92dbf8dafaed6a715290d0789d1fdc521c2,1,deUSD,USDC,0.75,0,0.0
0x226a59cd57c8c75ddaf440e2be68b92dbf8dafaed6a715290d0789d1fdc521c2,1,deUSD,USDC,0.8,0,0.0
0x226a59cd57c8c75ddaf440e2be68b92dbf8dafaed6a715290d0789d1fdc521c2,1,deUSD,USDC,0.85,0,0.0
0x226a59cd57c8c75ddaf440e2be68b92dbf8dafaed6a715290d0789d1fdc521c2,1,deUSD,USDC,0.9,0,0.0
0x226a59cd57c8c75ddaf440e2be68b92dbf8dafaed6a715290d0789d1fdc521c2,1,deUSD,USDC,0.95,0,0.0
0x226a59cd57c8c75ddaf440e2be68b92dbf8dafaed6a715290d0789d1fdc521c2,1,deUSD,USDC,1.0,0,0.0
0x39fe55e5102beac5fb3caff54142f26250b97dcdb5bea6122818c7760f38b331,1,xUSD,USDC,0.05,1000000,0.0
0x39fe55e5102beac5fb3caff54142f26250b97dcdb5bea6122818c7760f38b331,1,xUSD,USDC,0.1,0,0.0
0x39fe55e5102beac5fb3caff54142f26250b97dcdb5bea6122818c7760f38b331,1,xUSD,USDC,0.15,0,0.0
0x39fe55e5102beac5fb3caff54142f26250b97dcdb5bea6122818c7760f38b331,1,xUSD,USDC,0.2,0,0.0
0x39fe55e5102beac5fb3caff54142f26250b97dcdb5bea6122818c7760f38b331,1,xUSD,USDC,0.25,0,0.0
0x39fe55e5102beac5fb3caff54142f26250b97dcdb5bea6122818c7760f38b331,1,xUSD,USDC,0.3,0,0.0
0x39fe55e5102beac5fb3caff54142f26250b97dcdb5bea6122818c7760f38b331,1,xUSD,USDC,0.35,0,0.0
0x39fe55e5102beac5fb3caff54142f26250b97dcdb5bea6122818c7760f38b331,1,xUSD,USDC,0.4,0,0.0
0x39fe55e5102beac5fb3caff54142f26250b97dcdb5bea6122818c7760f38b331,1,xUSD,USDC,0.45,0,0.0
0x39fe55e5102beac5fb3caff54142f26250b97dcdb5bea6122818c7760f38b331,1,xUSD,USDC,0.5,0,0.0
0x39fe55e5102beac5fb3caff54142f26250b97dcdb5bea6122818c7760f38b331,1,xUSD,USDC,0.55,0,0.0
0x39fe55e5102beac5fb3caff54142f26250b97dcdb5bea6122818c7760f38b331,1,xUSD,USDC,0.6,0,0.0
0x39fe55e5102beac5fb3caff54142f26250b97dcdb5bea6122818c7760f38b331,1,xUSD,USDC,0.65,0,0.0
0x39fe55e5102beac5fb3caff54142f26250b97dcdb5bea6122818c7760f38b331,1,xUSD,USDC,0.7,0,0.0
0x39fe55e5102beac5fb3caff54142f26250b97dcdb5bea6122818c7760f38b331,1,xUSD,USDC,0.75,0,0.0
0x39fe55e5102beac5fb3caff54142f26250b97dcdb5bea6122818c7760f38b331,1,xUSD,USDC,0.8,0,0.0
0x39fe55e5102beac5fb3caff54142f26250b97dcdb5bea6122818c7760f38b331,1,xUSD,USDC,0.85,0,0.0
0x39fe55e5102beac5fb3caff54142f26250b97dcdb5bea6122818c7760f38b331,1,xUSD,USDC,0.9,0,0.0
0x39fe55e5102beac5fb3caff54142f26250b97dcdb5bea6122818c7760f38b331,1,xUSD,USDC,0.95,0,0.0
0x39fe55e5102beac5fb3caff54142f26250b97dcdb5bea6122818c7760f38b331,1,xUSD,USDC,1.0,0,0.0
0x46b46943e982bf04f7b07ff37c95b539e35ccd8cf93c331cd9659398aa8f7bee,1,sdeUSD,USDC,0.05,0,0.0
0x46b46943e982bf04f7b07ff37c95b539e35ccd8cf93c331cd9659398aa8f7bee,1,sdeUSD,USDC,0.1,0,0.0
0x46b46943e982bf04f7b07ff37c95b539e35ccd8cf93c331cd9659398aa8f7bee,1,sdeUSD,USDC,0.15,0,0.0
0x46b46943e982bf04f7b07ff37c95b539e35ccd8cf93c331cd9659398aa8f7bee,1,sdeUSD,USDC,0.2,0,0.0
0x46b46943e982bf04f7b07ff37c95b539e35ccd8cf93c331cd9659398aa8f7bee,1,sdeUSD,USDC,0.25,0,0.0
0x46b46943e982bf04f7b07ff37c95b539e35ccd8cf93c331cd9659398aa8f7bee,1,sdeUSD,USDC,0.3,0,0.0
0x46b46943e982bf04f7b07ff37c95b539e35ccd8cf93c331cd9659398aa8f7bee,1,sdeUSD,USDC,0.35,0,0.0
0x46b46943e982bf04f7b07ff37c95b539e35ccd8cf93c331cd9659398aa8f7bee,1,sdeUSD,USDC,0.4,0,0.0
0x46b46943e982bf04f7b07ff37c95b539e35ccd8cf93c331cd9659398aa8f7bee,1,sdeUSD,USDC,0.45,0,0.0
0x46b46943e982bf04f7b07ff37c95b539e35ccd8cf93c331cd9659398aa8f7bee,1,sdeUSD,USDC,0.5,0,0.0
0x46b46943e982bf04f7b07ff37c95b539e35ccd8cf93c331cd9659398aa8f7bee,1,sdeUSD,USDC,0.55,0,0.0
0x46b46943e982bf04f7b07ff37c95b539e35ccd8cf93c331cd9659398aa8f7bee,1,sdeUSD,USDC,0.6,0,0.0
0x46b46943e982bf04f7b07ff37c95b539e35ccd8cf93c331cd9659398aa8f7bee,1,sdeUSD,USDC,0.65,0,0.0
0x46b46943e982bf04f7b07ff37c95b539e35ccd8cf93c331cd9659398aa8f7bee,1,sdeUSD,USDC,0.7,0,0.0
0x46b46943e982bf04f7b07ff37c95b539e35ccd8cf93c331cd9659398aa8f7bee,1,sdeUSD,USDC,0.75,0,0.0
0x46b46943e982bf04f7b07ff37c95b539e35ccd8cf93c331cd9659398aa8f7bee,1,sdeUSD,USDC,0.8,0,0.0
0x46b46943e982bf04f7b07ff37c95b539e35ccd8cf93c331cd9659398aa8f7bee,1,sdeUSD,USDC,0.85,0,0.0
0x46b46943e982bf04f7b07ff37c95b539e35ccd8cf93c331cd9659398aa8f7bee,1,sdeUSD,USDC,0.9,0,0.0
0x46b46943e982bf04f7b07ff37c95b539e35ccd8cf93c331cd9659398aa8f7bee,1,sdeUSD,USDC,0.95,0,0.0
0x46b46943e982bf04f7b07ff37c95b539e35ccd8cf93c331cd9659398aa8f7bee,1,sdeUSD,USDC,1.0,0,0.0
0x7527be7772eb6e2e6bd9a5a9cc83dcd67fd1c9e6103d09868d0308eb3b70af2c,1,deUSD,sUSDS,0.05,0,0.0
0x7527be7772eb6e2e6bd9a5a9cc83dcd67fd1c9e6103d09868d0308eb3b70af2c,1,deUSD,sUSDS,0.1,0,0.0
0x7527be7772eb6e2e6bd9a5a9cc83dcd67fd1c9e6103d09868d0308eb3b70af2c,1,deUSD,sUSDS,0.15,0,0.0
0x7527be7772eb6e2e6bd9a5a9cc83dcd67fd1c9e6103d09868d0308eb3b70af2c,1,deUSD,sUSDS,0.2,0,0.0
0x7527be7772eb6e2e6bd9a5a9cc83dcd67fd1c9e6103d09868d0308eb3b70af2c,1,deUSD,sUSDS,0.25,0,0.0
0x7527be7772eb6e2e6bd9a5a9cc83dcd67fd1c9e6103d09868d0308eb3b70af2c,1,deUSD,sUSDS,0.3,0,0.0
0x7527be7772eb6e2e6bd9a5a9cc83dcd67fd1c9e6103d09868d0308eb3b70af2c,1,deUSD,sUSDS,0.35,0,0.0
0x7527be7772eb6e2e6bd9a5a9cc83dcd67fd1c9e6103d09868d0308eb3b70af2c,1,deUSD,sUSDS,0.4,0,0.0
0x7527be7772eb6e2e6bd9a5a9cc83dcd67fd1c9e6103d09868d0308eb3b70af2c,1,deUSD,sUSDS,0.45,0,0.0
0x7527be7772eb6e2e6bd9a5a9cc83dcd67fd1c9e6103d09868d0308eb3b70af2c,1,deUSD,sUSDS,0.5,0,0.0
0x7527be7772eb6e2e6bd9a5a9cc83dcd67fd1c9e6103d09868d0308eb3b70af2c,1,deUSD,sUSDS,0.55,0,0.0
0x7527be7772eb6e2e6bd9a5a9cc83dcd67fd1c9e6103d09868d0308eb3b70af2c,1,deUSD,sUSDS,0.6,0,0.0
0x7527be7772eb6e2e6bd9a5a9cc83dcd67fd1c9e6103d09868d0308eb3b70af2c,1,deUSD,sUSDS,0.65,0,0.0
0x7527be7772eb6e2e6bd9a5a9cc83dcd67fd1c9e6103d09868d0308eb3b70af2c,1,deUSD,sUSDS,0.7,0,0.0
0x7527be7772eb6e2e6bd9a5a9cc83dcd67fd1c9e6103d09868d0308eb3b70af2c,1,deUSD,sUSDS,0.75,0,0.0
0x7527be7772eb6e2e6bd9a5a9cc83dcd67fd1c9e6103d09868d0308eb3b70af2c,1,deUSD,sUSDS,0.8,0,0.0
0x7527be7772eb6e2e6bd9a5a9cc83dcd67fd1c9e6103d09868d0308eb3b70af2c,1,deUSD,sUSDS,0.85,0,0.0
0x7527be7772eb6e2e6bd9a5a9cc83dcd67fd1c9e6103d09868d0308eb3b70af2c,1,deUSD,sUSDS,0.9,0,0.0
0x7527be7772eb6e2e6bd9a5a9cc83dcd67fd1c9e6103d09868d0308eb3b70af2c,1,deUSD,sUSDS,0.95,0,0.0
0x7527be7772eb6e2e6bd9a5a9cc83dcd67fd1c9e6103d09868d0308eb3b70af2c,1,deUSD,sUSDS,1.0,0,0.0
0xc05394d0261ed1c3c1af310007fdc4e64b3bcf650822b70526763fefc64b729e,1,xUSD,USDC,0.05,0,0.0
0xc05394d0261ed1c3c1af310007fdc4e64b3bcf650822b70526763fefc64b729e,1,xUSD,USDC,0.1,0,0.0
0xc05394d0261ed1c3c1af310007fdc4e64b3bcf650822b70526763fefc64b729e,1,xUSD,USDC,0.15,0,0.0
0xc05394d0261ed1c3c1af310007fdc4e64b3bcf650822b70526763fefc64b729e,1,xUSD,USDC,0.2,0,0.0
0xc05394d0261ed1c3c1af310007fdc4e64b3bcf650822b70526763fefc64b729e,1,xUSD,USDC,0.25,0,0.0
0xc05394d0261ed1c3c1af310007fdc4e64b3bcf650822b70526763fefc64b729e,1,xUSD,USDC,0.3,0,0.0
0xc05394d0261ed1c3c1af310007fdc4e64b3bcf650822b70526763fefc64b729e,1,xUSD,USDC,0.35,0,0.0
0xc05394d0261ed1c3c1af310007fdc4e64b3bcf650822b70526763fefc64b729e,1,xUSD,USDC,0.4,0,0.0
0xc05394d0261ed1c3c1af310007fdc4e64b3bcf650822b70526763fefc64b729e,1,xUSD,USDC,0.45,0,0.0
0xc05394d0261ed1c3c1af310007fdc4e64b3bcf650822b70526763fefc64b729e,1,xUSD,USDC,0.5,0,0.0
0xc05394d0261ed1c3c1af310007fdc4e64b3bcf650822b70526763fefc64b729e,1,xUSD,USDC,0.55,0,0.0
0xc05394d0261ed1c3c1af310007fdc4e64b3bcf650822b70526763fefc64b729e,1,xUSD,USDC,0.6,0,0.0
0xc05394d0261ed1c3c1af310007fdc4e64b3bcf650822b70526763fefc64b729e,1,xUSD,USDC,0.65,0,0.0
0xc05394d0261ed1c3c1af310007fdc4e64b3bcf650822b70526763fefc64b729e,1,xUSD,USDC,0.7,0,0.0
0xc05394d0261ed1c3c1af310007fdc4e64b3bcf650822b70526763fefc64b729e,1,xUSD,USDC,0.75,0,0.0
0xc05394d0261ed1c3c1af310007fdc4e64b3bcf650822b70526763fefc64b729e,1,xUSD,USDC,0.8,0,0.0
0xc05394d0261ed1c3c1af310007fdc4e64b3bcf650822b70526763fefc64b729e,1,xUSD,USDC,0.85,0,0.0
0xc05394d0261ed1c3c1af310007fdc4e64b3bcf650822b70526763fefc64b729e,1,xUSD,USDC,0.9,0,0.0
0xc05394d0261ed1c3c1af310007fdc4e64b3bcf650822b70526763fefc64b729e,1,xUSD,USDC,0.95,0,0.0
0xc05394d0261ed1c3c1af310007fdc4e64b3bcf650822b70526763fefc64b729e,1,xUSD,USDC,1.0,0,0.0
0x37cd54128e3f569e97c8dcd2bdf60ea7737a188bd9b950adb35089de38813855,98866,xUSD,USDC,0.05,0,0.0
0x37cd54128e3f569e97c8dcd2bdf60ea7737a188bd9b950adb35089de38813855,98866,xUSD,USDC,0.1,0,0.0
0x37cd54128e3f569e97c8dcd2bdf60ea7737a188bd9b950adb35089de38813855,98866,xUSD,USDC,0.15,0,0.0
0x37cd54128e3f569e97c8dcd2bdf60ea7737a188bd9b950adb35089de38813855,98866,xUSD,USDC,0.2,0,0.0
0x37cd54128e3f569e97c8dcd2bdf60ea7737a188bd9b950adb35089de38813855,98866,xUSD,USDC,0.25,0,0.0
0x37cd54128e3f569e97c8dcd2bdf60ea7737a188bd9b950adb35089de38813855,98866,xUSD,USDC,0.3,0,0.0
0x37cd54128e3f569e97c8dcd2bdf60ea7737a188bd9b950adb35089de38813855,98866,xUSD,USDC,0.35,0,0.0
0x37cd54128e3f569e97c8dcd2bdf60ea7737a188bd9b950adb35089de38813855,98866,xUSD,USDC,0.4,0,0.0
0x37cd54128e3f569e97c8dcd2bdf60ea7737a188bd9b950adb35089de38813855,98866,xUSD,USDC,0.45,0,0.0
0x37cd54128e3f569e97c8dcd2bdf60ea7737a188bd9b950adb35089de38813855,98866,xUSD,USDC,0.5,0,0.0
0x37cd54128e3f569e97c8dcd2bdf60ea7737a188bd9b950adb35089de38813855,98866,xUSD,USDC,0.55,0,0.0
0x37cd54128e3f569e97c8dcd2bdf60ea7737a188bd9b950adb35089de38813855,98866,xUSD,USDC,0.6,0,0.0
0x37cd54128e3f569e97c8dcd2bdf60ea7737a188bd9b950adb35089de38813855,98866,xUSD,USDC,0.65,0,0.0
0x37cd54128e3f569e97c8dcd2bdf60ea7737a188bd9b950adb35089de38813855,98866,xUSD,USDC,0.7,0,0.0
0x37cd54128e3f569e97c8dcd2bdf60ea7737a188bd9b950adb35089de38813855,98866,xUSD,USDC,0.75,0,0.0
0x37cd54128e3f569e97c8dcd2bdf60ea7737a188bd9b950adb35089de38813855,98866,xUSD,USDC,0.8,0,0.0
0x37cd54128e3f569e97c8dcd2bdf60ea7737a188bd9b950adb35089de38813855,98866,xUSD,USDC,0.85,0,0.0
0x37cd54128e3f569e97c8dcd2bdf60ea7737a188bd9b950adb35089de38813855,98866,xUSD,USDC,0.9,0,0.0
0x37cd54128e3f569e97c8dcd2bdf60ea7737a188bd9b950adb35089de38813855,98866,xUSD,USDC,0.95,0,0.0
0x37cd54128e3f569e97c8dcd2bdf60ea7737a188bd9b950adb35089de38813855,98866,xUSD,USDC,1.0,0,0.0
